timestamp,hash,message
1760635418,e0ee319263cb436a2aa99c6d7c65ad75652a36db,"Initial commit"
1760876850,32ed95c057312d95a32262180b982206217e1c1f,"setup repo"
1760888130,844cac8f80d3a3bbaaeba0f1ca4b6ad58a59b1b8,"update doc"
1760888453,d41373bd975e2500bee89fdea6c2193d63fbc6ae,"remove frontend from docker"
1760895216,76aca49fd8221539b8847253f08901c6037375a1,"fix backend docker"
1760907096,7136af1c918574ed18423fb39c572df55758d2f8,"update doc"
1760908712,75e37fbe6a5f8b235f5e8e494618559feb8bc7a5,"remove dockerfile"
1760998486,b0054683e81d97fa51217c6164698ece303c19ac,"update ip address"
1760998507,4e120636114470493454398c8d3336d0df582ac5,"Revert "remove dockerfile""
1761001162,e6196990c903ab841d60dc7280ced6b633f87724,"fix backend docker"
1761074323,7e6b7ecb03d3d1d718dbab0d12f066312b671eff,"use docker only for DB as backend deployed in Vercel for now"
1761086018,7c2b494a3349af5c827f21c2f523d7a5d7778036,"use docker for backend and handle https with caddy"
1761087109,ec1b3008aad49d30cc44eeceaaf1aa96fc03298e,"setup envs properly"
1761088908,5440b642127b78b37a0b971e2b9aa36c2fefcf8a,"handle cpu/mem limitations"
1761118137,e9197dda3deda99f3eb24fada98c800528b726e8,"put scripts in infra/scripts"
1761119351,8f239032e105207119f25c317bdc92fae1a0e33c,"Create nextjs.yml"
1761159257,fbd04f3c7d216418434884a9d91554f604ef4daf,"put env in subfolders"
1761159425,4e7922766d47834fc4a9346db6019eb2dd6d6e75,"use docker compose"
1761160610,c2288ce84dda9e5668a8ce7c567d53f06aae2de0,"fix deploy script"
1761162206,69b5c843c2354aa2826abc06937593a17ed101b3,"add turbo as dev dep"
1761162808,0e402c00111e92211ab0dac4d2b5e12ecaa8e3f3,"remove some scripts"
1761162969,aa3d223e42e8fe5b50174833d296a232e25569a6,"update caddy config"
1761163473,4cbfd52f069ae40262b8a5c23a1e4e6cf85b3546,"fix build"
1761169030,4d02596f1f0753d8d09c71259f1b3a38413e8487,"fix build"
1761169425,2da74313d4f1d721b3f8823bd993d031e0d16934,"fix build on aws"
1761171666,acabaf5ca8a68c7cadb60c4624923b84a195d70c,"build on local as memory is low on server"
1761203377,8bf0fbc61bfbf0e5713085ded7b1ec9bda00eec0,"fix deploy"
1761203401,8dbb26e4393d5e345e156152c4713959338f7bd4,"use prod image for staging"
1761203565,73d25917df282cbbf4563aff48dd4cea36145080,"fix staging db port"
1761204628,0070fcc00e3019373d0eb342de8d6238fa658144,"fix staging db port"
1761218067,55c655a1bdaed0ced16bbc67954767a20955d51e,"remove env subfolders"
1761218355,d1e075d1a59788b8e5ffb7ebd97f6f406ec4df7a,"fix caddy entrypointsé"
1761220648,6c9056492f57886deab2023cd8e855c64c64c493,"fix caddy entrypoints"
1761249883,232bca654adb4f667d56fc594ca29accca1bec90,"remove local from deploy script"
1761249899,599ec6e0a5ff97a4c4d06d2f3a5b1cd61398d55e,"add script to deploy image"
1761250550,953cc36a5fd1c85a54b0867f0e247d2fe2b909a6,"use gzipped image"
1761250807,8771d21856ffb1dbbdf7a1ded6005ba693eb25f7,"run deploy script from server"
1761251275,937bf15ec8a40eed9a4c32d6b22b9add3a29d6b7,"complete deploy script"
1761251418,4ad9132fe678048214e85371949ea1d9effab845,"rename scripts"
1761251657,1b774275335edd5a8b506a38c5863ff6876cc5f1,"check if main caddy is running"
1761254555,47596ebff5a1bf2eef7a1db976a65b4c023f7428,"update doc"
1761254705,40b2bf4c6cb3a56b61fb3a3fa0f4a2a4a562647c,"check if current branch is the one we want to deploy"
1761255088,64dc254d2a3538563caf021b0d0d8a2df490e7ca,"refactor script"
1761255309,b9f6325900f8230a208fede610e5f489b33b7b59,"fix main caddy"
1761256198,9677c39b26e43b502b0ced4b393430184314a5b4,"add newrelic in frontend"
1761289553,d8f4af4106a918551e28b28c4e89c13c0a43d720,"update doc"
1761289737,a648b0f7349032eaa9c47dfe1b4b412deec45844,"remove monitor"
1761289927,a59254f75c1c8cb9da2181b221d21fd4d5940884,"remove deploy in github"
1761290158,d4617f74b964c1ee3372b0c01357f4694dc353c0,"ignore env files"
1761290808,fea5fc17bec9c7b058232785547dfb88d81edad4,"remove useless steps from script"
1761689304,dd2104221bbbb623d2aedad5648d2a154b06af9b,"use nuxt instead of react"
1761689926,bda5e8eaa2d5988bfceccd8022a6939d03148a2d,"add tailwind"
1761691403,429366070ec026f32a9b457530139eab18374df6,"add auth0 button"
1761725551,21859db2468a3d311db53521348379465d215566,"abstract auth0"
1761726295,0f563d4ea5054ce8504117e25b8eb884ca31fe21,"fix logout and persist connexion"
1761726385,6b6d99ac0aad9041d95eaa1ee49fc52b9f57b81d,"wip: reset hard staging on prod push"
1761742154,628e5b01deda318ab9746fe183c09ffe38b7511d,"update doc"
1761742907,0d7e50ec8b348622ea49dc1dcf6b8799522d55f6,"update favicon"
1761776321,4f395bee156466643b0115895b6f3bd0f5671640,"add linter/prettier"
1761859986,0f6b5cb53306adbe2058cb8209576c1f37c340c3,"add posthog"
1761861646,2873f092824c0befa4129b7e6b6149fbe9d9cfdd,"fix deps"
1761862590,720c257534ff314ca33ae9d40552229ce05c804e,"add new relic"
1761864804,21d0e9fb23bdac638f702fbabea2aec05ada627c,"add logs"
1761865189,4aecf51091be97a8f97b45964e5c6e377f88630a,"fix env in prod/staging"
1761865796,f2caef8c075e69d98b224f2dda469bd89cf383f6,"fix deploy"
1761867466,87c87c06f60a31899b0265e05d440cf6379b346d,"fix env"
1761868603,99a37625524bbfaf12fc813f16443c65f4420c49,"remove dotenv"
1761870853,dcf6639bceeaaf676dba26d28d404aad8e95a241,"try to fix logs"
1761871139,d79cf1d21d535fde5c5ca1e66e7ba458b4d58e1d,"fix logs -- enfin"
1761946669,a9f4d88677276ba1de6afc9db18d65c5c3e0c7bf,"add auth guard"
1761947472,426f7e399fc282343aeb06c9a6fadb0e83f90679,"fix design"
1761951454,904ab8d962d27481ab0c295d865810fb99b3bd76,"update doc"
1762081804,f411882662de5119a6dd52a4a51e4184c8f101bb,"add page title"
1762085623,57efa90bcf15e2ffbb7e6773314fcd1d3b8acf00,"add first module"
1762093166,7d9e982f97717247ce9cba2b0da5d44381b7cdeb,"create identity provider"
1762095554,24326ef2d686d21dd9db3d570f571f10625a7985,"create email value object"
1762097198,a298cbb97f61a84dff4aa0da9d9392d5a5d97ef3,"implement identity provider"
1762098584,0a264bfcef9d3fe498594e4311f95466f8ffc8f7,"add sync endpoint"
1762100256,e1fb8c9aaaf51e2673bda280c15005d509c3b1e9,"fix ts aliasing"
1762100929,eeeb18cd3932127514525f40b7c0974d1762f858,"fix sync endpoint"
1762101628,fbc94cead0b525aa3b793e90381a94df51eaf84d,"force restart everytime"
1762102026,494c7c0770540e9020103fafd7dd6f6c1ef6894f,"add API key guard"
1762102833,4f7f1742f7e816ac2661457fe697461649071b81,"transfer env file"
1762103521,d766d278846cdb6443be550e216d03a764cc636d,"fix alias in compiled code"
1762104830,c9850b9d1c0eefc798eebdcbd6eb7f5c8e262bd7,"fix alias in compiled code"
1762105955,1148424181dd08e7b1c343db4306663645e0e0b7,"fix request completed log"
1762106183,b1ab7149187ea99c051390f9320268de37407df5,"use mail from event"
1762114557,179f31b08bf115fdc0d397bccd879a808e3849c3,"fix lint"
1762114932,6e0527dccd05cffc37d1ab44cecc1a38e8c3a649,"add new dependencies"
1762119964,a3cbf205cec6ea0562fa8fedf6477976d63783ec,"add prisma"
1762120317,eef33741927414ae9cb7dfe3188df745d7f9fed5,"fix prisma deploy"
1762122038,fd87e787c65a98d0c2f03b72621fb1d1bd35afe5,"remove useless command"
1762122209,b3d77e61379d26aecc1a13c2be13043ea34e3d09,"fix command"
1762122610,67e45f68b4b776209448c43e8172cdd17c3c6cc8,"fix deploy"
1762123551,f9ef9fc9ac2318c05985277877929b00e1fb2b15,"move ports to domain"
1762123595,782e51ec75ef01d523331814c728b810f2cbce6d,"move prisma to specific folder"
1762125314,5ec92a9445b8446277997b4d4b360ad8032a5f6f,"refactor user in domain"
1762127362,598a3ae5b06ab7f4740aa8b8646d98c23869da0f,"create event table"
1762195106,e225a9861ff40b29ca1f0b92ad8313a934c65af7,"log events"
1762195716,9df9ff268a443def1cba023ebd87dea585db7f77,"remove publish from command"
1762200393,7798a93c47c85f8c46ec4045d93f0d7d8a3a3e32,"handle cors"
1762203872,4c7ab5be56a43451f32fedfd1ef6f32c0b7505ce,"add debug endpoint"
1762203872,d4155f01015d26f802c6b9bedbe01e4b346f7252,"call backend on /mon-compte page"
1762203872,2958943cb291c950cd9c1fc7c102d7bf46edca24,"disable posthog debug"
1762203872,63eb26d7e30f42bd3c5cb480054f14a323d37a9e,"fix audience"
1762203966,9e9ecb17728c1969481343b1a14aa50d2c416ed6,"fix lock file"
1762204709,d803ab263d7cc7386c5848c540f9213d96726f73,"create roles guard"
1762205837,cb884e941021260f84fde0bb8075f0a1dbc5ed3c,"inject user entity"
1762206335,01b9074dec6e33acd0b9d48890b36bc363612326,"send all user data"
1762206646,0747e1c822734a5eab46f451c6991d4ed955b59a,"add fields"
1762206710,d6b35e0029d28956a801622d305200928c371f27,"remove pageTitle"
1762207096,1d869ee9b8b0889d3f48895147c4b015cbf92b63,"refactor with zod"
1762207809,3c69addbfe8a0c9523d439afaae43cc4ebc3e237,"refactor middlewares"
1762208009,59d90e217b4d3f76e8f95b552e90392794c01440,"refactor useUser"
1762208087,7c150e0409f21735258dfdcb3b82ac3c328f7671,"add max-width"
1762208273,13cd6c52bf42a6d268eb23bd743dc30d214c8c33,"fix build"
1762208782,1f3c15df9f67ba94ffe891cffdadaea499972950,"fix endpoints paths"
1762209885,90b84a5012be7012dc62064068ece0bc642ddfa6,"fix deploy"
1762210332,bebc02d53be99dd2ee887e3f5308a8b6f4b653c0,"reduce image size"
1762210343,f02b18f3d4349fe83a440e382b6f5b1a82b2f98f,"disable restrictions"
1762211112,87deee6f0fee1228d27c69f838ef49427a10515d,"fix perf"
1762212154,fb503573d09b9aed725e6635e81b2d95cd43aa83,"remove email"
1762212716,04b441f49a7a1c0c99f90191e9faf959700e4c0b,"fix design"
1762237478,4efeef7e4311481dba33f96da742a6b09df0e62f,"add disclaimer"
1762238311,c5cbbd4d4c362b15518e9818f7853c6e9af40b26,"update user"
1762239719,cdd439940ca03a215dea581f5b0d492b10dc16cb,"update mon-compte page"
1762239827,a3f1256ccbfdd68425938c76930149c83b0e26b4,"remove emoji from header"
1762240119,0ed0219f3f1eae140027ce56d6da670d82815dce,"remove dacp"
1762240372,78db90aeb9a00cd988a1803b94ac67971719ae33,"remove duplications"
1762251229,45eca51ea2338d86ec54a471b6011427a12d28ea,"created shared package"
1762251391,3f551a6ea9c1b7b86cd634505fb9412b7ac3c408,"fix deploy with workspaces"
1762272219,5559f77004934bc0ef6306c365f6820ffe2ea30f,"remove aliases"
1762273469,65cd437b15bc7d323508cd5a17eba945e0b506f3,"remove @ from alias"
1762284115,833097a1a6fb1088a4c5124d5a97c4f00ca4e52d,"refactor properties"
1762285516,70256a45bd26071f2685bde1f67f71ad6945089c,"refactor mapper"
1762292741,f51f5250ebafcd370c34435d34f95d232410d9ff,"put back limitation"
1762293937,07d8164fc32274ac563149a1d534a5f868d3722a,"remove limitation"
1762294919,d46afcbd4748017df18371ebce5418f8d75fa444,"udpate deploy"
1762295504,c4fb286cdf8bba71186420ef2a4d7ede1dfb6a31,"udpate deploy"
1762298585,103e8d2df50d83ebf445ba49ec263d39361bc178,"disable vercel bot"
1762379872,a2ac6787519f63eaf98182bf06248710277f4808,"fix script"
1762381091,5892f2e5088cd30b9bb010d03ef7725d0174e83d,"fix command"
1762381847,b358b611766175ac7a8465b8cb0bbc30f04133ad,"add package.json"
1762382676,f07e53c8f14b8e68e01ccef8013c38e77ec668cd,"rollback command"
1762385160,90470f5750ebd394ff99e6e6e7c5493a16ef4691,"fix deploy"
1762385530,3f1abcd1b152a3494893e30a609b31ed6a9c01e4,"remove dotenv from script"
1762385658,7b28d620876fb15f6c03d6bf1ec0e290e80f25f1,"fix start"
1762418947,f9010723c9f79dba0389bd576756588d3576fa9c,"add bruno"
1762468504,3004b2c23c3d08638834a244fb825137cdf1c102,"fix local"
1762469142,76221646af39337dfe913d073c0812a66ffc770d,"add burger menu"
1762469421,1c5b78bf9d9cd5b50de8edb3c2b973e9a34f8958,"add links in menu"
1762469618,85ca5f49ac3102b2b5f1affcea78094510243c3d,"add contacts page"
1762469859,1e15bae17576fc9f4e64e0b3817b103d68667bcf,"add get users endpoint"
1762470703,9fe6f1f0f9fced67e51c8e6e127ac9e0472a8a14,"update contacts page"
1762471068,c51d4c0194837befab4fdc96da3c299ec9ed13f2,"title"
1762471481,60889db6ec32781ce9b89421d128a7b9dc8bda70,"update design"
1762471656,36d934db4944ee04ebeeb2b422007647190da1e2,"update design"
1762471913,7c1f670fe644fabed875e7886afc95d5f50aa019,"add support email"
1762473181,8b257dc4c40fe95aea99f9f550772bbb4cf73f9d,"add address"
1762523265,af7c1adddc2fd6440934b6eca54a979aa2cf8453,"add Pack table"
1762871741,3ac122310693e614e24ff2f9c8f32f511e8831cb,"hide info about personal data if profile complete"
1762875286,01ebf739ac58518873c44fdd2a7f705a3784ef8a,"remove identity provider"
1762875375,77ca0076c0712d7b5bf20d1512678942a46431c5,"move main modules"
1762875430,987c49324a798ae56437366f882864614321084c,"rename health controller"
1762875650,68fbe8cfae6f3f6c3d768e11aac5ebc6f34a6848,"move event emitter"
1762883478,aa0d9c778c191fb66c6dcf22e135e134efb19b71,"add create pack command"
1762883478,98fdc7d472f351952de1860bf2fe3bb60d1dbf20,"fix event emitter"
1762883478,17c14d0beea20e6ca1357e1fc080738b3c2c684b,"fix roles guard"
1762883570,2cc5ce68e7497ff81d5c77f7ae900103090f1c53,"add new endpoint"
1762970897,6060e2001cb69a045f36297ec4c56119073e395b,"use uuid for ids"
1762984963,e7495c09e7a67174158079a92983f60bb9b040b4,"add pack page"
1762987392,b17f8067aab2c953899cf558d690f9d2c1484893,"refactor auth variables"
1763071052,fb6b6fd753cbc3ee99f87c398a93767bb41342e8,"refactor auth types"
1763071449,adde2d6b752f154dc305c99d886a3080ccd3d7d3,"refactor usePack"
1763072835,72001a5deb57ee1490e271b5cd3b4e1af5997065,"show list of users"
1763073104,a977fcfa8a12dbbdc173c228713b2bdc0211b024,"add get-packs"
1763073387,97206345f679891f9482999b8080fc99aeef2056,"display list of packs"
1763074099,65eac56c5a3644edc19c66723a19e2a7eb8a7a65,"add update-pack endpoint"
1763074599,3972f75911d525bd13bdc710bd438c42689386da,"add update pack button"
1763075026,c35a03ee18798a0850d0361a9c624041df7bd31b,"fix build"
1763075169,f366d9f7e0ac1c89c514590bf63ec0d5fb3f81b0,"add missing uuid lib"
1763077378,a0f2c6e980cf933173da3273c14c1844fde7e857,"fix /mon-compte for admin"
1763077883,39203bb06f5492d14a15b243a47290d3ef36beed,"refactor create/edit"
1763078007,c481adfb0f01b38755987ee027340b0cf1ceee1d,"remove comments"
1763079169,da84fdbe9ef9dc485cf551cd4aab90d79c066434,"refactor config"
1763114841,7d3f61c6676548d5ca31ae571a464f67c2789354,"add lodash types"
1763121022,d654d404e16b747856f7cf86b248b2f6c219b457,"update logs"
1763122113,8d71a9723cb55ed75adec1d6bda8ab934a352102,"add lint deps"
1763124151,a3b8aeed94e02bba5cf7c61df77460b41c06d8a3,"improve build"
1763134417,ce1cb2312b035e69f6a5dd612e5cf39adea8d1ef,"remove posthog"
1763151758,bb845e9ae7e614a231056026cef988cc1186408e,"change color regarding env"
1763152310,f0baea1715ea71e98d84cd1e24bfc3b28d041acb,"change button colors"
1763152696,0d5ff8efde9e90dcbc3e4e23f4b5fd92c81c4a80,"remove log serializer"
1763152745,a1cf681d7410b8f7b450e31a9665dbe3a00f1445,"update staging color"
1763152777,b8c9e39cb73002ec06809d4b3733330a92c2b8a9,"lint"
1763153766,fd5bd39c36b8cd3af7d1a694cd73fbecd4389ff0,"use global for local only"
1763153782,ffeb7fdbbe1345b417c776c5cb2386e64be7118a,"debug with some logs"
1763154159,429b88363c0080c1e66051fbff8f75c4cb961748,"hide header"
1763154385,6ff057a56fb2c78b9d7a5a3123216c6603f2fd2e,"fix lint staged for backend"
1763155006,06be90af5655636256fc79973bf7ac13b71a4662,"add caddy logs"
1763157311,cf4d367be3550d315a74fa576cea5430d930f765,"use refactored UserRoles"
1763157311,6cf7c9fff9899a2c494f6848c5f32112610e9376,"add missing limits"
1763158559,ee971d2936135f9ddbaee3b6819cf0521863120f,"Revert "debug with some logs""
1763159304,8240b3d0d7fbc5cb29611d4ec45deeb019fc75c2,"update jwks fetching"
1763160512,6333baeb18b1e023eaf8347d90b9ace3ac73ebdb,"disable button during submission"
1763160746,44760130008c21c7e49a60366a246f90e996d690,"fix logs"
1763161724,3e60e9b5073bf74ae0ba70caa506833bbbad44cb,"only show complete users"
1763164653,7b984549bb5f0bcd0e1b9f088002b72b0f2ee87d,"wording"
1763234314,23aa4e58e5d975dd1db6612140c645ed69e08749,"add backup script"
1763234794,3f62293a0128285d5a6151184da9253224d03451,"add health route"
1763237377,f49ed015033dae088635813ae881509c552bd306,"backup also .env"
1763237377,d66ff84e957f2f00d11ddf896aeb8e1ca4c0aac8,"add time"
1763243199,23992d62f6b6b2c2ad7b1ba1bfb98396fa0b0c51,"use audience to get token"
1763244080,b14882732657aa6b54ddb24924adb3270df9d4b1,"use canardos instead of score"
1763307176,1dedc2eebd85e6ec85ddd37dce7f0a6f0ed21240,"use respo"
1763319190,b95aa443cae0167cdfdfd219dfae92d2abbd0347,"show info about initial state"
1763417029,d1386b80caec164b75d360e7782b1ed842fe4593,"add reservation wish creation"
1763417998,200483d67055a5ae4aca64e29c8949cf4358a82f,"use class validator for other dtos"
1763425462,3d0c1752bd19b5e3b066cecef704380861e71e1b,"remove workflow"
1763426492,a67868d5b68235ca80fbbff5d440dfb0ff6c64e0,"fix ids"
1763427498,4460ebbadc304361503c1463c472720b98c34c45,"throw if user has already a wish"
1763427843,5bc162f3ccae2600fb083e66731e2f95c8eba5eb,"add wish status"
1763428242,c24a6caaae625742cc104001465805ad7223ef1c,"fix rest urls"
1763501613,16584b035c27f57496901d4254b6233c94df8ce4,"add cancel route"
1763504381,c79477266ee967a62829682bee790adbe32f3018,"update readme"
1763504381,b9dc09df74863e64849f53167eff8331a7c94f2c,"fix create"
1763505734,427f3c7a4dbae7b9427b2bb3e0667e0ebb26a8cf,"add get reservation wishes route"
1763506286,eb1e0afadb0a4de519d0875cb40ecec56b80dca3,"refactor toEntity methods"
1763598005,8adf66e2f8eaab30f27ed6c1b62ec39939d21285,"refactor usePack"
1763598072,e7946f0686380eda8dd12be6fd9e5cda54ca5909,"add useReservationWish"
1763598290,ae3cffe9fe7f53b5ef2ae992c8cbfafc8191007c,"add cancel route"
1763672515,2c98617e09ceef466d371f5a5c2262bc939a0ace,"add BaseTag"
1763674088,bb610494c3cdbae0784f8c89255fc840a225c74e,"create add wish modal"
1763676564,1867cd3f992ef452e3188bbc25aead85bd2ba28d,"remove default values"
1763676627,56293c228b503f94dcf4a2ced2ec2ca43691b813,"add reservation wish page"
1763676743,0a1639456f1aa69cd3bd16aba0da1d3740a7f4aa,"fix mapper"
1763676923,c91e793bbff489e012a81e1a4f9336943c2deb85,"refactor colors"
1763761206,27c853299771840fc6e51851bd4431e9f3cc6d27,"use .env to launch restart app"
1763762535,74e73ae2e0e3d8da1d38f4c071a57fab81bed7f6,"run caddy if not running"
1763763977,30f5edb448bc8f1e74ca61b2afe323ec23d31951,"add load-dump script"
1763765201,f35db3225b29e2fe296a7f042ca42ca05d7e3da3,"show toggle status"
1763765249,aaec6592e5c9fbdc6453e6bdfc5ce56a4029345c,"add link to homepage"
1763835908,54bdc2ff6a61b361d18d0d316c752732fb07cfc5,"add reservation"
1763905090,d37c6ea5692c700dcfe5622c2ff06ae27c79d259,"refactor logic into domain"
1763909163,4c3b7dc4f0bca1f895290d0596bc20898f6d32bd,"add validation engine module with CLI"
1763911423,249b5896c9252959cac76d926688e2e8d09b793a,"add tests"
1763911423,6409920764a52f728656bfbb298c3ad62727f342,"add algo first version"
1763911728,760ce4868c8f4c4bfd229e8a556be99ec7121e59,"add algo first version"
1763913604,9b451e2c8b823a5da64396feb63d3429e8fb0b98,"use domain from cli controller"
1763926757,59956b57bb5efd97450745c37503214735f698bf,"orchestrate packs attributition"
1763927820,cfaf138e3a5e6a1b83e4f7197bade41c0a25e2d7,"return my wishes only"
1763927906,66cfbff0c3dbf85ebf58d349b18e71112465ce1c,"check if user can cancel wish"
1763929131,c115f77639f5493aa25d6b2978821d1566579fc1,"implement pack repository"
1763929142,33b6d126752e859052aa78df7c104b9601a1d36c,"remove db layer"
1763930725,f3479df0144908379b69e3e9ba4a5aa4a756a058,"start reservation wish implementation"
1763932173,0efe6eaea67cc1109076bb264c78615adc680e91,"implement confirm/refuse"
1763933482,2f141a9b107181aa0c97ec9b0b118b66d0946586,"move get packs to module"
1763933712,5866b818016131f2437f14af5b365c93e9db1396,"create reservation repo"
1763934525,55fe9a5ee67f42d4ee1b2e251776051c0450ae56,"refactor providers"
1763935299,149e8b586d4c9ad88f85e31925fcc13aabf4d8bf,"fix build"
1763938213,99652bdd9053d04d6475114264dd130619f8a34d,"implement existsByPackAndDate"
1763939347,2493df3d841f8b3d0c636ce98fbe6148bb33a4a6,"fix hexa"
1763986778,e4eb5b6c7b72c0c05d9b8105a77214b3b17a4f8e,"lint"
1763987196,f1d2ef12136828bdf0fc6ab8909bdae1741b58da,"remove comment"
1763990694,45ed7c32cb6bbe4537a5a213df6535ec871a466b,"improve logging"
1763994414,7ff5ac4d9a741e036a7060cb3fa2cff6cea31b10,"allow refused to be refused twice"
1763998959,c697cee1fb7a2c4a66e44d8c130856a82197d59e,"split reservation service"
1763999974,2240fd60b11e6de0772338ecc4e10e65f527a2c4,"implement reservation creation"
1764002775,02716c4546723358d4c7d1b336d7fb706e57b2b9,"check no existing reservation"
1764007159,05796575c3a6afa6f47302c938a1103e75f9aa28,"fix tests"
1764048232,43e5123ccc4242ee5315f88775cd2443889dcd5e,"remove email"
1764048840,7c98a6e921be435ff34a1f31007c1cf745276ef9,"store metadata user id"
1764049479,62daa826f64b6a165d9f77b00c3410906f03bf16,"fix status update"
1764050136,a5b793536d0155f5ead13778d24475b2d221792d,"fix refused label"
1764051724,20e00fe80f0aade083c3eea4d7f04f0e9e83c169,"provide reservations"
1764052407,f198b68432c70be5178f1b54e23db044cead4e49,"show reservation in front"
1764052766,ad528233e8261b5856e2ef184563a2e496530148,"improve ux"
1764052982,9c58a7303f256d12c7b6701a362297b523a384e7,"update color"
1764054728,bac0baed743ffafc660beb81e1e3f1706c107b60,"change cancel button"
1764069720,ee8846b61ce09ad36290ff1c3617735e2353b0e0,"update cron doc"
1764078616,00c92ec41cfa8cff82ec2b39e348e66f5ace3e83,"update list of wishes"
1764080843,b044378c422b379d8de20ce535e09251f5593f57,"show cta"
1764092068,bcc97ba9ff44e94bd34e17969cfe7cfe10ef12f1,"fix scoring"
1764094136,c9017c01b6875233aa36085d2d6c1130fbe6d0be,"add public config endpoint with some feature flags"
1764094161,8693db44400d08135c00f179fd939332c56497fd,"lint"
1764094886,3d0f2edef0320c1fa67e9205d8444ea57d6df909,"print debug info"
1764095456,3d2fcf1404184ae372c4f7b965bc5b182552e903,"Ajout de tests"
1764095512,ed02017bceca61af93859c893fa2c08500b74e33,"Merge branch 'prod' into playWithAlgo"
1764095532,3380587fa7de7a301f382d00fe8a37b5ff9e381f,"create maintenance guard"
1764096289,2ea1b861b5c89025a34e1fb61f16eb3d44249f3c,"Fix merge"
1764096938,ca830440e8809d048ffee0180028765029d2ab5a,"add maintenance banner"
1764097473,bfcee0a69c15f8e953f597c08478b6b72a195ff5,"wrap attribution with maintenance mode"
1764098067,08ca5df7c7c2aa8b474331f7ad01445b9d8b1aeb,"show maintenance if call is failing"
1764105513,c7820abbf05e411a8047b5fe268d8baa4a7f0870,"use global module"
1764107968,c4a9866204eb3e17006e031f2484d7dbdb443390,"send email on error"
1764109440,cf802702e645d495776b211e80088846d8bd7fff,"update tech email"
1764112989,f3b774b387366251f11d5fdc889305ce7b55cac6,"add reservation wish update notifier"
1764114354,f87cd61cfa7d8e22e634a7f4c558d5a371a04b42,"verify single reservation"
1764161825,7725c0e65cd9ee2cb474c58bd5fbf56b7281e7a1,"fix reservation types"
1764204119,178820f5d543238a3e3babac30b60765e9ae8296,"trigger mail to users"
1764204119,f8528dc976230788c605a2e89b1fdf0c324a08b2,"update resa view"
1764205593,d404424ba413d4926ce874e3f630da83eeac2afa,"update cta colors"
1764236924,b3982755df02acb21929462237da7d25cf6ed551,"fix reply to"
1764238550,2c705d5f796aed26671488b14c68d0ed1c557825,"fix algo"
1764242181,3ad57358f2db88320921f85bfada5dffedab84e1,"add isCancelable"
1764242801,a0108c5380c479947fc88e4f5046456b5f04de38,"add comment"
1764250466,d5046a55ba06a4204a121c8ef26e012f940af4fd,"Merge branch 'prod' into playWithAlgo"
1764258051,6803dc366b1eab4dab37afa4862a52e6833fcec1,"fix tests"
1764261746,d3266c5b6c97a38c76726e10dd825ae765cc6d92,"split tests into files"
1764271982,f1854f36840b2dc8bf76fc5e8ff20a907d223eeb,"Création d'une classe helper pour créer les test plus facilement"
1764275708,58254a17b97f26880604b4439a3ce24b4093429a,"create icon components"
1764275730,869c9bb399d4675f0b95a5b883555611126cbd10,"refactor icons"
1764275757,705c8ecd2e872a5b79cafde2ca033ae47a2f734e,"add first planning view"
1764276239,73bbcecd4b7bd7297200c732c4c796d6a7cdb984,"update page title"
1764276340,f4d2ef577a453a0b7754eeb83ce5b353cb6182ef,"lint"
1764278198,6d0d193a0bd29c38a3d6d3fa0a8d74fdcd3e71cd,"add planning day dto"
1764282238,530ad727fd5d5adc141271fcd748ed054eaa1d79,"adapt design"
1764283957,c82b47874618420730e1112f23597244ed78d7f2,"create get planning endpoint"
1764286798,d1e026ab28cdf89dee4a08b06cb9a9f3ffcfd689,"get planning data from backend"
1764286813,4cb9f938fad21dac89d94580eee31f2d54693bc4,"refactor date helpers"
1764288587,718d632b1d5dee8efabd5a30387168afc2a8846c,"refactor get planning endpoint"
1764289606,12ed0222a0bc79d3bdd64d83a6fba4880949a729,"update frontend"
1764290004,de8ce815649e02a9af94053e50ef3e323f57f2f8,"lint"
1764290907,36465cff6bec27897ce2cb20f250915f67a45059,"fix reservation module archi"
1764291709,29207a7c0736c10cb8a36058094d4cc7f8b5fd24,"fix other modules"
1764291976,dc5d7cf1e927d5cbc0e20a9c3a65fa8fb76db3c8,"update lint:deps"
1764292565,be5851e6b7bc967f1bef2b04d6f0d76cb571bf77,"fix architecture update"
1764319479,c5f242d41624a06fc991b6d0e1a87d277599b8f8,"Généralisation de la simplification des tests"
1764319981,adedfa4a9801bda7e55a8c75104d8c94150efde5,"Simplification d'un test"
1764320578,3b9de1d19a71003d82b9c807f09e0e0e1efcd941,"fix design"
1764322887,5654f9d7ec3c5b3cd8b2be26364230d9bed8e7da,"Ajout de tests"
1764325480,20636d4b833217477ddb9f7a8c580b45a7cc92fc,"update design"
1764327284,714a35b6fc07540a54e6c362358e96eb3f4a41a5,"Merge branch 'prod' into simplifcationDesTests"
1764327608,22967a3e3260191990425ae9412e042f87612289,"lint files"
1764328437,be0c377e9c0a18cc26e644efe7601ce7df68c948,"rename tests"
1764328594,f65b3d462ad2c47355ad6a56e8cf732fc0102151,"fix algo"
1764329105,189691006dbdd553be43b866f4fe27449ca2dbae,"remove async/await"
1764334395,129c8baf46b86e620664bffb2f70d5aacafa89c8,"put back created at"
1764336394,ba900460e5e584bcc0a876242fc5a0f83fd1e0ed,"add toggle day feature"
1764338753,285d55d038a99b86b2432246d5859edca53f0d7c,"disable button while not ready"
1764339111,8fae8cde324f5b0ae5abda29c981174495173a18,"disable days before today in wish creation"
1764339308,89a31fe73cc4dd3a1e252a5ca4de33c7c9646ef2,"fix date on brave"
1764343442,769bf383d8a3f579ed0e120ebaf5570e7a3bb916,"remove green confirm text"
1764343793,41b9ebcb891cb53e0beb5c98c895c5840738e2d1,"display contact infos"
1764343879,f30d902f9e739c830cd7bf6c379b61c5e5a061d7,"fix icons"
1764346143,79d5058544288e4f9d6323cc04440e714bc6df6a,"display history"
1764347515,01161cc7a50983e91ab725263c3ff8be53f4d09f,"update maintenance message"
1764348203,2412e72c132001772dda39951f48f10bc2673d72,"fix logs"
1764348461,40bc7011b08ab7086ab42241cbbbcb35f5ea8ab2,"sort by startingDate"
1764349390,3a2ac1d8b84e59eac3bb2d9f44f1004b32827323,"change color"
1764352110,76ddd279d5aad1e4fa0e97e20a68039d170e13c4,"update spacing"
1764353702,9c4b746aebb82bbbe5385218b2e7afe0001e3565,"show env in email"
1764353718,260cdbf0f9269d5eb39284d958bc882594a3e810,"improve error display"
1764501736,a279ac1488b84f19a185b519fc004e82538973c8,"refactor random UUID"
1764502439,9f18b48aaa3314f18a6ec4be9d9f845a7d575690,"store validation engine run"
1764503350,90f3f09bd10b055c9ea7ff62c3f254825e8590bb,"allow cancel on future dates"
1764503364,3c44dc8b32133c240b2b7192cb554354caf75548,"sort events"
1764503459,82fec3879537d0b547c6baf18760ef0fc746b87f,"Merge branch 'simplifcationDesTests' into prod"
1764504160,33688ef9213d22d044b9f2283f91328ca17de64c,"fix tests"
1764524380,ef89baa7651c20e30735743329af2138b5ccb2ac,"add create reservation from admin"
1764524409,1412af4622800140b56e0301667759fbd7fb932d,"clean query"
1764528440,bc9cf4896660e76941fe4d75abd21d193aa63cb1,"refactor confirm/refuse"
1764534113,401889f1e45c80feb0fdf62134f6b468baaedb53,"check user can create reservation"
1764537104,8edb0d4e13b37f69db4d9f1ab24e2f3baa0a713a,"check user can update wish on controller"
1764537183,b3b2ed0ca4b5e788f4fe96f7e0aed03a8ba39cab,"fix typo"
1764538223,bf846bda462fcb5761a8032fd437d5ca4c660c07,"fix user id"
1764544716,6c1232787f8c513d96c9ce51e5ec6dedf9abff95,"--wip-- [skip ci]"
1764545320,ff48ff169e4186b9025451b54acc6b009dfcca96,"rename createdById column"
1764546752,e818ac080778ebe1eb93eefe0e7dbe6b7a65857a,"fix wish creation on reservation creation"
1764547191,0a1f05c9495f54f83d8815becfa6b7c90f13edf9,"make user id optional"
1764549172,71fb9345bf6526e72fe13134632b8aa3e4b5c6ce,"force null checks"
1764549312,aaa56fcc4007d2e3593a589cc05ac16b5b296ba0,"fix null checks"
1764549716,d010e71f993e9cd7f656e4ecc51f9df62a195103,"force strict check"
1764624550,7132685b4e04853d2d1d97d69640e4106ae19ed5,"store profile check in local storage"
1764624605,a6291a36fcd0a95987f05bc31f6c56b047b979f5,"reduce public-config call"
1764628108,be5c99e3365a911750d9d547c5019cda50277809,"add reservation"
1764632432,0dd8602d8e702c9419d6e4636277d73612d1e081,"store timezone"
1764632513,6bac5d6c0b9b6618d369a7d198df23e535695082,"fix reservations"
1764633271,2a5352511967a7a52866636457c93fcdea46e3f6,"add reservation statuts"
1764635830,6de664fdfa9235b9c08698ee92091cfa3d428c35,"add cancel endpoint"
1764635830,ff1fb09fec8e498e6edaab4f42c40cafd673e105,"fix guard"
1764635830,64a08ea1c58a9672f4edeabc57edfa9808308c17,"fix typo"
1764637100,966d5ac54a7d33dfdbcb79c7735090091e3f88c7,"fix status display when reservation cancelled"
1764637118,07951a266429e34494e12617fb5848a4b0400c01,"show only confirmed reservations"
1764710858,fa3181a77c0483fda6eef49a2af9122d2c8ffd0c,"feat: adapt wrong schema for wishes"
1764717051,f8a0b88f43b516df5e75df964b7599f3839df4b7,"feat: send reservation events"
1764718796,e0fb768ebef0888af623aace838a3c5d00ffb460,"fix reservation cancelled display"
1764720032,aa83d408b6a2c38a7bc519252e1f91706cc1f4c7,"add cancel button"
1764720995,a58ddb33fcec9feec8dc8cdc941f66da76207b95,"allow user to cancel its reservation"
1764721013,50bd84c6496b6cd5d3ab26451e40994dfc3a8170,"fix planning types"
1764724624,646689d9c48c586eab80818fc768c2756b2c02d7,"split index.vue"
1764725238,e4df655cb7ef51ed447f791f1b0eb98dfd18d7da,"refactor week days"
1764725329,1d324f1bd497de8761defebd8c911a4fb0c11801,"refactor PlanningWeekSelector"
1764725528,4e492afb0f08a65424580219eef947a2e2691ae3,"refactor PlanningPackFilter"
1764725664,e890b9525c10883e1821e8c0304a9f9cb8da8aa9,"refactor week selector methods"
1764763529,8944a148ed112583a9e13af5fa58c59a3b7575fe,"refactor PlanningDayCard"
1764763997,d831402525986f73d52fd46ab9d0ce1253c3f264,"use private injection"
1764764250,166885886529f521c02be306c846fdb1bfe129c8,"cancel wish on cancel"
1764764815,81f208402f0294d8234a99c2c94f5c93b45e4dcc,"unmerge events and show only wish events"
1764767362,5e44e94bf5f21e00ab3aa75e6d67ed04eb3f609e,"update logs"
1764781420,280131b19ff204d729f90f51d06dd498fe47509d,"fix reactivity"
1764781975,58ba89718f5e6ce985ce392a7a10557be85e731a,"fix closing modal"
1764782770,12c347b836a1252ca9d4519e6f2fd83242241e1e,"fix condition on dates"
1764782812,8fb574c33b66eeabb899db579ad636bb2aaa8f00,"add event on eventBus"
1764785874,ea9a7e3b3f23c1f2bd679287e0ce1d48f79a49b0,"use event handler to send emails"
1764786196,2c4a026403239d7f9af9b1cd9b3a96b2f0c06a2f,"put back refusal in validation-engine to refuse remaining wishes if no reservation is created on a day"
1764786970,b5df416400733bcae594108ae040e41641b120a6,"add cancel email"
1764787952,0df60bb4487a072ec768b7c3f497619777d30576,"check if reservation is cancelable"
1764789063,142433c6419d0152857a5365ff804ffe12669999,"refactor available packs"
1764796781,b3f679aa9792789c01b0ddceaf999517c23e33b4,"update day design"
1764802697,a78d3168eabc2259564cbc6ff7e74e72b31130d1,"add debug config"
1764803786,700c1757b7dc8746c2cd32ec3396d5ff39309939,"validate creation/update"
1764803804,a57dc73ed3e960116bfd123f60c124cec1373387,"fix planning"
1764804829,ff73876f9e321a87ae02082b2809c171474496a4,"update reservation exception"
1764804916,aed43be5a87f37a0e8ab87c75ec04a892308d79e,"be more permissive on actions"
1764805851,8da7d1d1049aa4ea5b6c0b8045b28b59f604456b,"add front check on dates"
1764807656,644074755359360275a3556c486bc584c0c2eaa3,"fix state handling"
1764808923,886c738f8f69f86975ad746d1e096cc2362edb00,"fix dates"
1764886706,f286cc4a29c55d582ac3d908079ab1fa60d62e47,"do not update wish on reservation cancel"
1764888342,d78154c52a18f4abb316982a1e6c050cfb9c6b9f,"use reservation creation for confirmation"
1764889823,4c134cc73cdc6d2cf963d687bf1ebeb3fecbc574,"adapt templates for new event handling"
1764890899,a588892c372d36275704390af052f2d1fd4cf98e,"fix pack choice order in wish"
1764891394,f504e3f0798faad724e13ff79e6989b32accfd00,"toggle maintenance mode around deploy"
1764940531,0268ad05b760fb02d66be8480c8d14441d2c8dc6,"fwd ips"
1764943707,843bba0d5ab64fe2aa868a1a3b5a2d2d226a0a7f,"check origin"
1764959941,6b873687d236163cf59167d94dbe9a0d2a831769,"add cost"
1764961251,f6e71c5ef691021754fc9d9fc4f10adb4bb88808,"change event from update to cancelled"
1764962831,a74df8abf38a4c5239340887671853bf7fa5365f,"compute cost on cancel"
1764962831,0813989028f3ef4f73fffec915f4a9a61086d067,"update user current score"
1764967230,77de4c873431af89115d246670fe839b318a9a72,"fix date type"
1764967657,7735b7b3dadafcc9c681e0ae333c2a804874c572,"fix typo"
1765132408,f8d75f2d0834123a259fbb18567eb6783d7d97ce,"create flight log entity"
1765132627,9b114fbb4362f520ddc17d4deb0861286d8bd821,"add closed status"
1765139304,cfcb44710738c65b3b42797ed1738d060d705964,"close reservation"
1765139548,617759b9d9e2b892307cbd5d4e51edb09f42b762,"refactor flight log creation"
1765140693,7bc811fe74b57fd162345ac5e10afa77dc9b0f91,"add closed status in front"
1765141499,ba7706e5444f9543e24d1ef4c50d2355604a8185,"close reservation in front"
1765141805,e43128b22bfe91a53a6edc04d056a213d73bd870,"compute cost on closing"
1765142503,0dfeba629b1205e234fa0a2e6659eb283cb1f1a2,"refactor check ACL"
1765143469,b324c4225ab9d156712b18f5a1f46155d5bdfcaf,"force closing after 3 days"
1765146715,fd30d1e37106cb9a3b455b4374651f9749d4e06e,"send closing email"
1765148558,7ab660c6f26bc0a3e2087bc14804b72bfa93094b,"fix modal"
1765149765,17cc9cd63c8b62feb33ac77fd69993c58a838360,"add flight log page"
1765195891,23b427734614321fc14f0600bdcd1d84b541bfac,"show closed booking on planning"
1765196003,5fb4281e8312d0533304186423df6dc95fdee7a2,"send to owner if private message"
1765196247,3b3dcf50c433b1d1f95661abf60b5173915632fb,"add checklist"
1765214112,0a3e89ddfb6d6d98c7d17a50654cbccac992bc9e,"add get packs reservation route"
1765214702,7284f8ffcd5060a20632ee7f0870fbbbb1314232,"fix types"
1765215865,0159776f6a9c8ace756075f442604ef64092b432,"fix front"
1765216938,658abb48a41f03d4139aeb0de1893aeb25e35699,"display cost"
1765217363,57016a727f261dc49bff846c7869a33faa33f024,"update design"
1765218153,f0b4b286ff6a11d6366f10ac7c65bdac8981742d,"refactor date display"
1765219323,943e12af3f6d5f9bb78c63b4b0acc87071441a88,"fix cost"
1765220528,2ba20f8c4cadde2f9109eac5efbc8c577a2a1f1d,"fix cancel notification"
1765226676,10e025ad7cb48c74f3377da72fcdbbaa6c294168,"show total info"
1765226890,8d5b8fd382822acd0501e2308ae34c5a58797f57,"remove exported types"
